Local Services,Restaurants,Nightlife,Food,Shopping,Professional Services,Beauty & Spas,Active Life,Health & Medical,Education,Hotels & Travel,Religious Organizations,Event Planning & Services,Automotive,Pets,Home Services,Arts & Entertainment,Public Services & Government,Financial Services,Bicycles,Local Flavor,Mass Media
Local Services->3D Printing,Restaurants->Italian->Abruzzese,Nightlife->Bars->Absinthe Bars,Food->Acai Bowls,Shopping->Fashion->Accessories,Professional Services->Accountants,Beauty & Spas->Acne Treatment,Active Life,Health & Medical->Acupuncture,Education->Adult Education,Hotels & Travel->Tours->Aerial Tours,Religious Organizations->Afro-Brazilian,Event Planning & Services->Hotels->Agriturismi,Automotive->Aircraft Dealers,Pets->Pet Services->Holistic Animal Care,Home Services->Real Estate->Real Estate Agents->Apartment Agents,Arts & Entertainment->Arcades,Public Services & Government->Authorized Postal Representative,Financial Services->Insurance->Auto Insurance,Bicycles,Local Flavor,Mass Media
Local Services->Adoption Services,Restaurants->Afghan,Nightlife->Adult Entertainment,Food->Backshop,Shopping->Adult Shops,Professional Services->Advertising,Beauty & Spas->Barbers,Active Life->Fitness & Instruction->Aerial Fitness,Health & Medical->Doctors->Addiction Medicine,Education->Art Classes,Hotels & Travel->Transportation->Airlines,Religious Organizations->Buddhist Temples,Event Planning & Services->Party Equipment Rentals->Audio/Visual Equipment Rental,Automotive->Aircraft Repairs,Pets->Pet Services->Animal Physical Therapy,Home Services->Real Estate->Apartments,Arts & Entertainment->Museums->Art Museums,Public Services & Government->Civic Center,Financial Services->Banks & Credit Unions,Bicycles->Bike Associations,Local Flavor->Parklets,Mass Media->Print Media
Local Services->Air Duct Cleaning,Restaurants->African,Nightlife->Bars->Airport Lounges,Food->Bagels,Shopping->Antiques,Professional Services->Architects,Beauty & Spas,Active Life->Airsoft,Health & Medical->Medical Spas->Aestheticians,Education->Specialty Schools->Art Schools,Hotels & Travel->Transportation->Airport Shuttles,Religious Organizations->Churches,Event Planning & Services->Balloon Services,Automotive,Pets->Animal Shelters,Home Services->Artificial Turf,Arts & Entertainment,Public Services & Government->Community Centers,Financial Services->Business Financing,Bicycles->Bike Repair,Local Flavor->Public Art,Mass Media->Radio Stations
Local Services->Appraisal Services,Restaurants->Portuguese->Alentejo,Nightlife->Bar Crawl,Food->Bakeries,Shopping->Home & Garden->Appliances,Professional Services->Art Consultants,Beauty & Spas->Hair Salons->Blow Dry/Out Services,Active Life->Amateur Sports Teams,Health & Medical->Doctors->Allergists,Education->Specialty Schools->Bartending Schools,Hotels & Travel->Airports,Religious Organizations->Hindu Temples,Event Planning & Services->Bartenders,Automotive->Auto Detailing,Pets->Pet Services->Aquarium Services,Home Services->Real Estate->Art Space Rentals,Arts & Entertainment->Supernatural Readings->Astrologers,Public Services & Government->Courthouses,Financial Services->Currency Exchange,Bicycles->Bike Shop,Local Flavor->Unofficial Yelp Events,Mass Media->Television Stations
Local Services->Art Installation,Restaurants->Portuguese->Algarve,Nightlife->Bars,"Food->Beer, Wine & Spirits",Shopping->Arts & Crafts,Professional Services->Lawyers->Bankruptcy Law,Beauty & Spas->Cosmetics & Beauty Supply,Active Life->Amusement Parks,Health & Medical->Alternative Medicine,Education->Specialty Schools->Cheerleading,Hotels & Travel->Airports->Airport Terminals,Religious Organizations->Mosques,Event Planning & Services->Boat Charters,Automotive->Auto Customization,Pets->Pet Stores->Bird Shops,Home Services->Plumbing->Backflow Services,Arts & Entertainment->Farms->Attraction Farms,Public Services & Government->Departments of Motor Vehicles,Financial Services->Debt Relief Services,Bicycles->Special Bikes,Local Flavor->Yelp Events,
Local Services->Art Restoration,Restaurants->French->Alsatian,Nightlife->Bars->Beach Bars,Food->Bento,Shopping->Arts & Crafts->Art Supplies,Professional Services->Billing Services,Beauty & Spas->Erotic Massage,Active Life->Aquariums,Health & Medical->Doctors->Anesthesiologists,Education->Tasting Classes->Cheese Tasting Classes,Hotels & Travel->Tours->Architectural Tours,Religious Organizations,Event Planning & Services->Photographers->Boudoir Photography,Automotive->Car Inspectors,Pets->Pet Services->Dog Walkers,Home Services->Shades & Blinds,Arts & Entertainment->Betting Centers,Public Services & Government->Embassy,Financial Services->Financial Advising,,,
Local Services->Awnings,Restaurants->Italian->Altoatesine,Nightlife->Bars->Beer Bar,Food->Beverage Store,Shopping->Arts & Crafts->Ateliers,Professional Services->Boat Repair,Beauty & Spas->Skin Care->Estheticians,Active Life->Archery,Health & Medical->Animal Assisted Therapy,Education->Specialty Schools->Childbirth Education,Hotels & Travel->Tours->Art Tours,Religious Organizations->Shrines,Event Planning & Services->Party Equipment Rentals->Bounce House Rentals,Automotive->Auto Electric Services,Pets->Pet Services->Emergency Pet Hospital,Home Services->Building Supplies,Arts & Entertainment->Bingo Halls,Public Services & Government->Fire Departments,Financial Services,,,
Local Services->Bail Bondsmen,Restaurants->Andalusian,Nightlife->Beer Gardens,Food->Breweries,Shopping->Auction Houses,Professional Services->Bookkeepers,Beauty & Spas->Eyebrow Services,Active Life->ATV Rentals/Tours,Health & Medical->Assisted Living Facilities,Education->Specialty Schools->Circus Schools,Hotels & Travel->Bed & Breakfast,Religious Organizations->Sikh Temples,Event Planning & Services->Caricatures,Automotive->Auto Glass Services,Pets->Pet Services->Farriers,Home Services->Cabinetry,Arts & Entertainment->Cabaret,Public Services & Government->Jails & Prisons,Financial Services->Insurance->Home & Rental Insurance,,,
Local Services->Bike Repair/Maintenance,Restaurants->Italian->Apulian,Nightlife->Bars->Champagne Bars,Food->Breweries->Brewpubs,Shopping->Baby Gear & Furniture,Professional Services->Business Consulting,Beauty & Spas->Eyelash Service,Active Life->Axe Throwing,Health & Medical->Doctors->Audiologist,Education->College Counseling,Hotels & Travel->Tours->Beer Tours,Religious Organizations->Spiritism,Event Planning & Services->Caterers,Automotive->Auto Loan Providers,Pets->Pet Services->Pet Groomers,Home Services->Carpenters,Arts & Entertainment->Casinos,Public Services & Government->Landmarks & Historical Buildings,Financial Services->Installment Loans,,,
Local Services->Biohazard Cleanup,Restaurants->Arabic,Nightlife->Bars->Cigar Bars,Food->Bubble Tea,Shopping->Battery Stores,Professional Services->Lawyers->Business Law,Beauty & Spas->Foot Care,Active Life->Badminton,Health & Medical->Ayurveda,Education->Colleges & Universities,Hotels & Travel->Transportation->Bike Sharing,Religious Organizations->Synagogues,Event Planning & Services->Clowns,Automotive->Auto Parts & Supplies,Pets->Horse Boarding,Home Services->Carpeting,Arts & Entertainment->Castles,Public Services & Government->Libraries,Financial Services->Insurance,,,
Local Services->Bookbinding,Restaurants->Arabic->Arab Pizza,Nightlife->Club Crawl,Food->Butcher,Shopping->Bespoke Clothing,Professional Services->Career Counseling,Beauty & Spas->Hair Salons,Active Life->Fitness & Instruction->Barre Classes,Health & Medical->Behavior Analysts,Education->Specialty Schools->Cooking Schools,Hotels & Travel->Tours->Bike tours,Religious Organizations->Taoist Temples,Event Planning & Services->DJs,Automotive->Auto Repair,Pets->Pet Stores->Local Fish Stores,Home Services->Carpet Installation,Arts & Entertainment->Museums->Children's Museums,Public Services & Government->Municipality,Financial Services->Investing,,,
Local Services->Bus Rental,Restaurants->Argentine,Nightlife->Bars->Cocktail Bars,Food->Patisserie/Cake Shop,Shopping->Sporting Goods->Bikes,Professional Services->Commissioned Artists,Beauty & Spas->Hair Extensions,Active Life->Baseball Fields,Health & Medical->Blood & Plasma Donation Centers,Education->Specialty Schools->Cosmetology Schools,Hotels & Travel->Tours->Boat Tours,,Event Planning & Services->Photographers->Event Photography,Automotive->Auto Security,Pets->Pet Services->Pet Sitting,Home Services->Childproofing,Arts & Entertainment->Choirs,Public Services & Government->Police Departments,Financial Services->Insurance->Life Insurance,,,
Local Services->Calligraphy,Restaurants->Armenian,Nightlife->Coffeeshops,Food->Specialty Food->Candy Stores,"Shopping->Books, Mags, Music & Video->Bookstores",Professional Services->Lawyers->Consumer Law,Beauty & Spas->Hair Loss Centers,Active Life->Basketball Courts,Health & Medical->Body Contouring,Education->Specialty Schools->CPR Classes,Hotels & Travel->Transportation->Buses,,Event Planning & Services->Party & Event Planning,Automotive->Auto Upholstery,Pets->Pet Services->Pet Training,Home Services->Chimney Sweeps,Arts & Entertainment->Country Clubs,Public Services & Government->Post Offices,Financial Services->Mortgage Lenders,,,
Local Services->Carpet Cleaning,Restaurants->Spanish->Arroceria / Paella,Nightlife->Comedy Clubs,Food->Specialty Food->Cheese Shops,Shopping->Brewing Supplies,Professional Services->Lawyers->Contract Law,Beauty & Spas->Hair Removal,Active Life->Bathing Area,Health & Medical->Medical Centers->Bulk Billing,Education->Specialty Schools->Dance Schools,Hotels & Travel->Transportation->Bus Stations,,Event Planning & Services,Automotive->Aviation Services,Pets->Pet Adoption,Home Services->Real Estate->Commercial Real Estate,Arts & Entertainment->Cultural Center,Public Services & Government,Financial Services->Check Cashing/Pay-day Loans,,,
Local Services->Carpet Dyeing,Restaurants->Asian Fusion,Nightlife->Country Dance Halls,Food->Chimney Cakes,Shopping->Bridal,Professional Services->Legal Services->Court Reporters,Beauty & Spas->Hair Salons->Hair Stylists,Active Life->Batting Cages,Health & Medical->Counseling & Mental Health,Education->Specialty Schools->Drama Schools,Hotels & Travel->Tours->Bus Tours,,Event Planning & Services->Face Painting,Automotive->Boat Dealers,Pets->Pet Services->Pet Sitting->Pet Boarding,Home Services->Real Estate->Condominiums,Arts & Entertainment->Cinema->Drive-In Theater,Public Services & Government->Registry Office,Financial Services->Tax Services,,,
Local Services->Child Care & Day Care,Restaurants->Asturian,Nightlife->Dance Clubs,Food->Specialty Food->Chocolatiers & Shops,Shopping->Home & Garden->Candle Stores,Professional Services->Lawyers->Criminal Defense Law,Beauty & Spas->Hot Springs,Active Life->Beach Equipment Rentals,Health & Medical->Cannabis Clinics,Education->Specialty Schools->Driving Schools,Hotels & Travel->Transportation->Cable Cars,,Event Planning & Services->Floral Designers,Automotive->Boat Parts & Supplies,Pets->Pet Services->Pet Breeders,Home Services->General Contractors,Arts & Entertainment->Eatertainment,Public Services & Government->Tax Office,Financial Services->Title Loans,,,
Local Services->Clock Repair,Restaurants->Australian,Nightlife->Dance Restaurants,Food->Churros,Shopping->Cannabis Dispensaries,Professional Services->Customs Brokers,Beauty & Spas->Hair Salons->Kids Hair Salons,Active Life->Beaches,Health & Medical->Cannabis Collective,Education->Specialty Schools->DUI Schools,Hotels & Travel->Campgrounds,,Event Planning & Services->Game Truck Rental,Automotive->Body Shops,Pets->Pet Services->Pet Cremation Services,Home Services->Countertop Installation,Arts & Entertainment->Farms,Public Services & Government->Town Hall,,,,
Local Services->Community Book Box,Restaurants->Austrian,Nightlife->Bars->Dive Bars,Food->Cideries,Shopping->Mobile Phone Accessories,Professional Services->Digitizing Services,Beauty & Spas->Hair Removal->Laser Hair Removal,Active Life->Beach Volleyball,Health & Medical->Medical Cannabis Referrals,Education,Hotels & Travel->Car Rental,,Event Planning & Services->Golf Cart Rentals,Automotive->Car Dealers,Pets->Pet Services->Pet Hospice,Home Services->Damage Restoration,Arts & Entertainment->Festivals,,,,,
Local Services->Community Gardens,Restaurants->French->Auvergnat,Nightlife->Bars->Drive-Thru Bars,Food->Coffee & Tea,Shopping->Fashion->Ceremonial Clothing,Professional Services->Lawyers->Disability Law,Beauty & Spas->Makeup Artists,Active Life->Bicycle Paths,Health & Medical->Cannabis Clinics->Cannabis Tours,Education->Educational Services,Hotels & Travel->Transportation->Dolmus Station,,Event Planning & Services->Henna Artists,Automotive->Car Auctions,Pets->Pet Services->Pet Insurance,Home Services->Decks & Railing,Arts & Entertainment->Festivals->Fun Fair,,,,,
Local Services->Printing Services,Restaurants->Portuguese->Azores,Nightlife->Fasil Music,Food->Coffee Roasteries,Shopping->Fashion->Children's Clothing,Professional Services->Lawyers->Divorce & Family Law,Beauty & Spas->Massage,Active Life->Bike Parking,Health & Medical->Doctors->Cardiologists,Education->Elementary Schools,Hotels & Travel->Transportation->Ferries,,Event Planning & Services->Hotels,Automotive->Car Brokers,Pets->Pet Services->Pet Photography,Home Services->Demolition Services,Arts & Entertainment->Art Galleries,,,,,
Local Services->Couriers & Delivery Services,Restaurants->German->Baden,Nightlife->Bars->Gay Bars,Food->Coffee & Tea Supplies,Shopping->Chinese Bazaar,Professional Services->Lawyers->DUI Law,Beauty & Spas->Hair Salons->Men's Hair Salons,Active Life->Bike Rentals,Health & Medical->Chiropractors,Education->Specialty Schools->Firearm Training,Hotels & Travel->Tours->Food Tours,,Event Planning & Services->Party Equipment Rentals->Karaoke Rental,Automotive->Car Buyers,Pets,Home Services->Door Sales/Installation,Arts & Entertainment->Botanical Gardens,,,,,
Local Services->Crane Services,Restaurants->Baguettes,Nightlife->Bars->Hookah Bars,Food->Convenience Stores,Shopping->Home & Garden->Christmas Trees,Professional Services->Duplication Services,Beauty & Spas->Nail Salons->Nail Technicians,Active Life->Boating,Health & Medical->Colonics,Education->Specialty Schools->First Aid Classes,Hotels & Travel->Guest Houses,,Event Planning & Services->Magicians,Automotive->Car Share Services,Pets->Pet Services,Home Services->Drywall Installation & Repair,Arts & Entertainment->Festivals->General Festivals,,,,,
Local Services->Funeral Services & Cemeteries->Cremation Services,Restaurants->Bangladeshi,Nightlife->Bars->Hotel bar,Food->CSA,Shopping->Fashion->Clothing Rental,Professional Services->Editorial Services,Beauty & Spas->Nail Salons,Active Life->Bobsledding,Health & Medical->Concierge Medicine,Education->Specialty Schools->Flight Instruction,Hotels & Travel->Health Retreats,,Event Planning & Services->Mohels,Automotive->Car Wash,Pets->Pet Stores,Home Services->Electricians,Arts & Entertainment->Haunted Houses,,,,,
Local Services->IT Services & Computer Repair->Data Recovery,Restaurants->Basque,Nightlife->Bars->Irish Pub,Food->Cupcakes,"Shopping->Books, Mags, Music & Video->Comic Books",Professional Services->Lawyers->Elder Law,Beauty & Spas->Permanent Makeup,Active Life->Bocce Ball,Health & Medical->Dentists->Cosmetic Dentists,Education->Specialty Schools->Food Safety Training,Hotels & Travel->Tours->Historical Tours,,Event Planning & Services->Hotels->Mountain Huts,Automotive->Auto Glass Services->Car Window Tinting,Pets->Pet Services->Pet Transportation,Home Services->Utilities->Electricity Suppliers,Arts & Entertainment->Jazz & Blues,,,,,
Local Services->Donation Center,Restaurants->Bavarian,Nightlife->Karaoke,Food->Custom Cakes,Shopping->Computers,Professional Services->Employment Agencies,Beauty & Spas->Piercing,Active Life->Fitness & Instruction->Boot Camps,Health & Medical->Doctors->Cosmetic Surgeons,Education->Art Classes->Glass Blowing,Hotels & Travel->Hostels,,Event Planning & Services->Musicians,Automotive->Auto Repair->DIY Auto Shop,Pets->Pet Services->Pet Waste Removal,Home Services->Real Estate->Estate Liquidation,Arts & Entertainment->LAN Centers,,,,,
Local Services->Laundry Services->Dry Cleaning,Restaurants->Barbeque,Nightlife->Bars->Lounges,Food->Specialty Food->Dagashi,Shopping->Concept Shops,Professional Services->Lawyers->Employment Law,Beauty & Spas->Rolfing,Active Life->Bowling,Health & Medical->Crisis Pregnancy Centers,Education->Middle Schools & High Schools,Hotels & Travel,,Event Planning & Services->Officiants,Automotive->EV Charging Stations,Pets->Pet Stores->Reptile Shops,Home Services->Real Estate->Real Estate Services->Real Estate Photography,Arts & Entertainment->Mah Jong Halls,,,,,
Local Services->Dry Cleaning & Laundry,Restaurants->Beer Garden,Nightlife,Food->Delicatessen,Shopping->Arts & Crafts->Cooking Classes,Professional Services->Lawyers->Entertainment Law,Beauty & Spas->Skin Care,Active Life->Fitness & Instruction->Boxing,Health & Medical->Cryotherapy,Education->Specialty Schools->Language Schools,Hotels & Travel->Transportation->Limos,,Event Planning & Services->Party Bike Rentals,Automotive->Fuel Docks,Pets->Veterinarians,Home Services->Excavation Services,Arts & Entertainment->Makerspaces,,,,,
Local Services->Junk Removal & Hauling->Dumpster Rental,Restaurants->Beer Hall,Nightlife->Piano Bars,Food->Desserts,Shopping->Arts & Crafts->Costumes,Professional Services->Lawyers->Estate Planning Law,Beauty & Spas->Day Spas,Active Life->Fitness & Instruction->Martial Arts->Brazilian Jiu-jitsu,Health & Medical->Dental Hygienists->Storefront Clinics,Education->Specialty Schools->Massage Schools,Hotels & Travel->Travel Services->Luggage Storage,,Event Planning & Services->Party Bus Rentals,Automotive->Gas Stations,,Home Services->Fences & Gates,Arts & Entertainment->Marching Bands,,,,,
Local Services->Elder Care Planning,Restaurants->Portuguese->Beira,Nightlife->Pool Halls,Food->Distilleries,Shopping->Customized Merchandise,Professional Services->Feng Shui,Beauty & Spas->Tanning->Spray Tanning,Active Life->Bubble Soccer,Health & Medical->Dental Hygienists,Education->Montessori Schools,Hotels & Travel->Transportation->Metro Stations,,Event Planning & Services->Party Characters,Automotive->Golf Cart Dealers,,Home Services->Fireplace Services,Arts & Entertainment->Cinema,,,,,
Local Services->Electronics Repair,Restaurants->Beisl,Nightlife->Bars->Pubs,Food->Do-It-Yourself Food,Shopping->Fashion->Sports Wear->Dance Wear,Professional Services->Lawyers->General Litigation,Beauty & Spas->Hair Removal->Sugaring,Active Life->Bungee Jumping,Health & Medical->Dental Hygienists->Mobile Clinics,Education->Specialty Schools->Nursing Schools,Hotels & Travel->Motorcycle Rental,,Event Planning & Services->Party Equipment Rentals,Automotive->Hybrid Car Repair,,Home Services->Fire Protection Services,Arts & Entertainment->Museums,,,,,
Local Services->Elevator Services,Restaurants->Belgian,Nightlife->Bars->Pulquerias,Food->Donairs,Shopping->Department Stores,Professional Services->Graphic Design,Beauty & Spas->Tanning,Active Life->Canyoneering,Health & Medical->Dentists,Education->Specialty Schools->Parenting Classes,Hotels & Travel->Travel Services->Passport & Visa Services,,Event Planning & Services->Party Supplies,Automotive->Interlock Systems,,Home Services->Firewood,Arts & Entertainment->Music Venues,,,,,
Local Services->Engraving,Restaurants->French->Berrichon,Nightlife->Bars->Sake Bars,Food->Donuts,Shopping->Diamond Buyers,Professional Services->Lawyers->Immigration Law,Beauty & Spas->Tanning->Tanning Beds,Active Life->Fitness & Instruction->Cardio Classes,Health & Medical->Doctors->Dermatologists,Education->Specialty Schools->Photography Classes,Hotels & Travel->Transportation->Pedicabs,,Event Planning & Services->Hotels->Pensions,Automotive->Marinas,,Home Services->Flooring,Arts & Entertainment->Supernatural Readings->Mystics,,,,,
Local Services->Environmental Abatement,Restaurants->Bistros,Nightlife->Bars->Speakeasies,Food->Specialty Food->Dried Fruit,Shopping->Discount Store,Professional Services->Indoor Landscaping,Beauty & Spas->Tattoo,Active Life->Carousels,Health & Medical->Diagnostic Services->Diagnostic Imaging,Education->Specialty Schools->Pole Dancing Classes,Hotels & Travel->Transportation->Private Jet Charter,,Event Planning & Services->Personal Chefs,Automotive->Mobile Dent Repair,,Home Services->Foundation Repair,Arts & Entertainment->Observatories,,,,,
Local Services->Environmental Testing,Restaurants->Black Sea,Nightlife->Bars->Sports Bars,Food->Parent Cafes,Shopping->Sporting Goods->Dive Shops,Professional Services->Lawyers->IP & Internet Law,Beauty & Spas->Teeth Whitening,Active Life->Challenge Courses,Health & Medical->Diagnostic Services,Education->Preschools,Hotels & Travel->Transportation->Public Transportation,,Event Planning & Services->Photo Booth Rentals,Automotive->Mobility Equipment Sales & Services,,Home Services->Furniture Assembly,Arts & Entertainment->Opera & Ballet,,,,,
Local Services->Farm Equipment Repair,Restaurants->Japanese->Blowfish,Nightlife->Adult Entertainment->Strip Clubs,Food->Empanadas,Shopping->Drones,Professional Services->Internet Service Providers,Beauty & Spas->Hair Removal->Threading Services,Active Life->Fitness & Instruction->Martial Arts->Chinese Martial Arts,Health & Medical->Dialysis Clinics,Education->Private Schools,Hotels & Travel->Resorts,,Event Planning & Services->Photographers,Automotive->Motorsport Vehicle Dealers,,Home Services->Garage Door Services,Arts & Entertainment->Cinema->Outdoor Movies,,,,,
Local Services->Fingerprinting,Restaurants->French->Bourguignon,Nightlife->Adult Entertainment->Striptease Dancers,Food->Ethical Grocery,Shopping->Drugstores,Professional Services->Lawyers,Beauty & Spas->Hair Removal->Waxing,Active Life->Fitness & Instruction->Gyms->Circuit Training Gyms,Health & Medical->Dietitians,Education->Private Tutors,Hotels & Travel->RV Parks,,Event Planning & Services->Hotels->Residences,Automotive->Motorcycle Dealers,,Home Services->Gardeners,Arts & Entertainment->Pachinko,,,,,
Local Services->Community Service/Non-Profit->Food Banks,Restaurants->Brasseries,Nightlife->Bars->Tabac,Food->Ethnic Grocery,Shopping->Duty-Free Shops,Professional Services->Legal Services,,Active Life->Climbing,Health & Medical->Doulas,Education->Religious Schools,Hotels & Travel->RV Rental,,Event Planning & Services->Hotels->Rest Stops,Automotive->Auto Parts & Supplies->Motorcycle Parts & Supplies,,Home Services->Glass & Mirrors,Arts & Entertainment->Paint & Sip,,,,,
Local Services->Forestry,Restaurants->Brazilian,Nightlife->Bars->Tiki Bars,Food->Specialty Food->Ethnic Food,Shopping->Electronics,Professional Services->Life Coach,,Active Life->Cycling Classes,Health & Medical->Doctors->Ear Nose & Throat,Education->Specialty Schools->Samba Schools,Hotels & Travel->Tours->Scooter Tours,,Event Planning & Services->Hotels->Ryokan,Automotive->Motorcycle Repair,,Home Services->Grout Services,Arts & Entertainment->Farms->Pick Your Own Farms,,,,,
Local Services->Funeral Services & Cemeteries,Restaurants->Brazilian->Brazilian Empanadas,Nightlife->Bars->Vermouth Bars,Food->Farmers Market,Shopping->Arts & Crafts->Embroidery & Crochet,Professional Services->Marketing,,Active Life->Fitness & Instruction->Dance Studios,Health & Medical->Doctors->Emergency Medicine,Education->Specialty Schools->Ski Schools,Hotels & Travel->Transportation->Shared Taxis,,Event Planning & Services->Photographers->Session Photography,Automotive->Motorsport Vehicle Repairs,,Home Services->Gutter Services,Arts & Entertainment->Planetarium,,,,,
Local Services->Furniture Repair,Restaurants->Breakfast & Brunch,Nightlife->Bars->Whiskey Bars,Food->Fishmonger,Shopping->Arts & Crafts->Fabric Stores,Professional Services->Matchmakers,,Active Life->Dart Arenas,Health & Medical->Emergency Rooms,Education->Special Education,Hotels & Travel->Ski Resorts,,Event Planning & Services->Silent Disco,Automotive->Oil Change Stations,,Home Services->Handyman,Arts & Entertainment->Supernatural Readings,,,,,
Local Services->Generator Installation/Repair,Restaurants->British,Nightlife->Bars->Wine Bars,Food,Shopping->Farming Equipment,Professional Services->Mediators,,Active Life->Day Camps,Health & Medical->Doctors->Endocrinologists,Education->Specialty Schools,Hotels & Travel->Transportation->Taxis,,Event Planning & Services->Sommelier Services,Automotive->Parking,,Home Services->Home Inspectors,Arts & Entertainment->Supernatural Readings->Psychic Mediums,,,,,
Local Services->Gestorias,Restaurants->Buffets,,Food->Food Delivery Services,Shopping->Fashion,Professional Services->Lawyers->Medical Law,,Active Life->Disc Golf,Health & Medical->Dentists->Endodontists,Education->Specialty Schools->Speech Training,Hotels & Travel->Tours,,Event Planning & Services->Cards & Stationery,Automotive->Registration Services,,Home Services->Home Organization,Arts & Entertainment->Supernatural Readings->Psychics,,,,,
Local Services->Grill Services,Restaurants->Bulgarian,,Food->Food Trucks,Shopping->Fireworks,Professional Services->Music Production Services,,Active Life->Diving,Health & Medical->Crisis Pregnancy Centers->Faith-based Crisis Pregnancy Centers,Education->Specialty Schools->Surf Schools,Hotels & Travel->Transportation->Town Car Service,,Event Planning & Services->Team Building Activities,Automotive->Roadside Assistance,,Home Services->Home Automation,Arts & Entertainment->Race Tracks,,,,,
Local Services->Musical Instrument Services->Guitar Stores,Restaurants->Burgers,,Food->Friterie,Shopping->Fitness/Exercise Equipment,Professional Services->Office Cleaning,,Active Life->Parks->Dog Parks,Health & Medical->Doctors->Family Practice,Education->Tasting Classes,Hotels & Travel->Transportation->Trains,,Event Planning & Services->Trivia Hosts,Automotive->RV Dealers,,Home Services->Home Cleaning,Arts & Entertainment->Farms->Ranches,,,,,
Local Services->Gunsmith,Restaurants->Burmese,,Food->Specialty Food->Frozen Food,Shopping->Flea Markets,Professional Services->Patent Law,,Active Life->Fitness & Instruction->EMS Training,Health & Medical->Doctors->Fertility,Education->Test Preparation,Hotels & Travel->Train Stations,,Event Planning & Services->Valet Services,Automotive->RV Repair,,Home Services->Real Estate->Home Developers,Arts & Entertainment->Rodeo,,,,,
Local Services->Hazardous Waste Disposal,Restaurants->Cafes,,Food->Gelato,Shopping->Flowers & Gifts->Florists,Professional Services->Payroll Services,,Active Life->Escape Games,Health & Medical->Float Spa,Education->Specialty Schools->Traffic Schools,Hotels & Travel->Transportation,,Event Planning & Services->Venues & Event Spaces,Automotive->Service Stations,,Home Services->Home Energy Auditors,Arts & Entertainment->Social Clubs,,,,,
Local Services->Appliances & Repair,Restaurants->Cafeteria,,Food->Mulled Wine,Shopping->Flowers & Gifts,Professional Services->Lawyers->Personal Injury Law,,Active Life->Experiences,Health & Medical->Doctors->Gastroenterologist,Education->Tutoring Centers,Hotels & Travel->Travel Services->Travel Agents,,Event Planning & Services->Videographers,Automotive->Gas Stations,,Home Services->Home Network Installation,Arts & Entertainment->Sports Betting,,,,,
Local Services->Community Service/Non-Profit->Homeless Shelters,Restaurants->Cajun/Creole,,Food->Specialty Food,Shopping->Flowers & Gifts->Flowers,Professional Services->Personal Assistants,,Active Life->Fencing Clubs,Health & Medical->Dentists->General Dentistry,Education->Specialty Schools->Vocational & Technical School,Hotels & Travel->Travel Services,,Event Planning & Services->Wedding Planning,Automotive->Smog Check Stations,,Home Services->Real Estate->Homeowner Association,Arts & Entertainment->Professional Sports Teams,,,,,
Local Services->Hydro-jetting,Restaurants->Italian->Calabrian,,Food->Grocery,Shopping->Fashion->Formal Wear,Professional Services->Private Investigation,,Active Life->Fishing,Health & Medical->Doctors->Geneticists,Education->Waldorf Schools,Hotels & Travel->Vacation Rentals,,Event Planning & Services->Wedding Chapels,Automotive->Car Stereo Installation,,Home Services,Arts & Entertainment->Stadiums & Arenas,,,,,
Local Services->Ice Delivery,Restaurants->Cambodian,,Food->Hawker Centre,Shopping->Arts & Crafts->Framing,Professional Services->Legal Services->Process Servers,,Active Life->Fitness & Instruction,Health & Medical->Doctors->Gerontologists,Education->Tasting Classes->Wine Tasting Classes,Hotels & Travel->Vacation Rental Agents,,,Automotive->Tires,,Home Services->Real Estate->Home Staging,Arts & Entertainment->Street Art,,,,,
Local Services->Internet Booths & Calling Centers,Restaurants->Canteen,,Food->Specialty Food->Health Markets,Shopping->Fashion->Fur Clothing,Professional Services->Product Design,,Active Life->Flyboarding,Health & Medical->Habilitative Services,,Hotels & Travel->Travel Services->Visitor Centers,,,Automotive->Towing,,Home Services->Home Theatre Installation,Arts & Entertainment->Studio Taping,,,,,
Local Services->IT Services & Computer Repair,Restaurants->Chinese->Cantonese,,Food->Specialty Food->Herbs & Spices,Shopping->Home & Garden->Furniture Stores,Professional Services,,Active Life->Soccer,Health & Medical->Halfway Houses,,Hotels & Travel->Tours->Walking Tours,,,Automotive->Trailer Dealers,,Home Services->Home Window Tinting,Arts & Entertainment->Tablao Flamenco,,,,,
Local Services->Jewelry Repair,Restaurants->Caribbean,,Food->Honey,Shopping->Home & Garden->Nurseries & Gardening,Professional Services->Public Adjusters,,Active Life->Diving->Free Diving,Health & Medical->Halotherapy,,Hotels & Travel->Transportation->Water Taxis,,,Automotive->Trailer Rental,,Home Services->House Sitters,Arts & Entertainment->Performing Arts,,,,,
Local Services->Junk Removal & Hauling,Restaurants->Catalan,,Food->Ice Cream & Frozen Yogurt,Shopping->Gemstones & Minerals,Professional Services->Public Relations,,Active Life->Gliding,Health & Medical,,Hotels & Travel->Tours->Whale Watching Tours,,,Automotive->Trailer Repair,,Home Services->Real Estate->Housing Cooperatives,Arts & Entertainment->Ticket Sales,,,,,
Local Services->Junkyards,Restaurants->Brazilian->Central Brazilian,,Food->Imported Food,Shopping->Flowers & Gifts->Gift Shops,Professional Services->Lawyers->Real Estate Law,,Active Life->Go Karts,Health & Medical->Health Coach,,Hotels & Travel->Tours->Wine Tours,,,Automotive->Transmission Repair,,Home Services->Heating & Air Conditioning/HVAC,Arts & Entertainment->Festivals->Trade Fairs,,,,,
Local Services->Knife Sharpening,Restaurants->Chech,,Food->Internet Cafes,Shopping->Gold Buyers,Professional Services->Security Services,,Active Life->Golf,Health & Medical->Health Insurance Offices,,,,,Automotive->Truck Rental,,Home Services->Insulation Installation,Arts & Entertainment->Social Clubs->Veterans Organizations,,,,,
Local Services->Laundry Services->Laundromat,Restaurants->Turkish->Chee Kufta,,Food->International Grocery,Shopping->Sporting Goods->Golf Equipment,Professional Services->Shredding Services,,Active Life->Fitness & Instruction->Golf Lessons,Health & Medical->Hearing Aids,,,,,Automotive->Commercial Truck Dealers,,Home Services->Interior Design,Arts & Entertainment->Virtual Reality Centers,,,,,
Local Services->Laundry Services,Restaurants->Cheesesteaks,,Food->Japanese Sweets,Shopping->Golf Equipment Shops,Professional Services->Signmaking,,Active Life->Gun/Rifle Ranges,Health & Medical->Hearing Aid Providers,,,,,Automotive->Commercial Truck Repair,,Home Services->Irrigation,Arts & Entertainment->Wineries,,,,,
Local Services,Restaurants->Chicken Wings,,Food->Juice Bars & Smoothies,Shopping->Home & Garden->Grilling Equipment,Professional Services->Lawyers->Social Security Law,,Active Life->Gymnastics,Health & Medical->Doctors->Hepatologists,,,,,Automotive->Used Car Dealers,,Home Services->Real Estate->Kitchen Incubators,Arts & Entertainment->Wineries->Wine Tasting Room,,,,,
Local Services->Machine & Tool Rental,Restaurants->Chicken Shop,,Food->Kiosk,Shopping->Guns & Ammo,Professional Services->Software Development,,Active Life->Fitness & Instruction->Gyms,Health & Medical->Herbal Shops,,,,,Automotive->Vehicle Shipping,,Home Services->Landscape Architects or Designers,Arts & Entertainment->Festivals->Christmas Markets,,,,,
Local Services->Machine Shops,Restaurants->Chilean,,Food->Kombucha,Shopping->Home & Garden->Hardware Stores,Professional Services->Wholesalers->Restaurant Supplies,,Active Life->Handball,Health & Medical->Home Health Care,,,,,Automotive->Vehicle Wraps,,Home Services->Landscaping,,,,,,
Local Services->Mailbox Centers,Restaurants->Chinese,,Food->Specialty Food->Macarons,Shopping->Fashion->Hats,Professional Services->Talent Agencies,,Active Life->Hang Gliding,Health & Medical->Doctors->Homeopathic,,,,,Automotive->Wheel & Rim Repair,,Home Services->Real Estate->Real Estate Services->Land Surveying,,,,,,
Local Services->Metal Detector Services,Restaurants->Latin American->Colombian,,Food->Specialty Food->Fruits & Veggies,Shopping->Head Shops,Professional Services->Taxidermy,,Active Life->Fitness & Instruction->Trainers,Health & Medical->Hospice,,,,,Automotive->Windshield Installation & Repair,,Home Services->Landscaping->Lawn Services,,,,,,
Local Services->Metal Fabricators,Restaurants->Comfort Food,,Food->Meaderies,Shopping->High Fidelity Audio Equipment,Professional Services->Lawyers->Tax Law,,Active Life->Hiking,Health & Medical->Doctors->Hospitalists,,,,,,,Home Services->Lighting Fixtures & Equipment,,,,,,
Local Services->Misting System Services,Restaurants->Chinese->Congee,,Food->Specialty Food->Meat Shops,Shopping->Hobby Shops,Professional Services->Tenant and Eviction Law,,Active Life->Horseback Riding,Health & Medical->Hospitals,,,,,,,Home Services->Keys & Locksmiths,,,,,,
Local Services->IT Services & Computer Repair->Mobile Phone Repair,Restaurants->Japanese->Conveyor Belt Sushi,,Food->Milkshake Bars,Shopping->Sporting Goods->Hockey Equipment,Professional Services->Lawyers->Traffic Ticketing Law,,Active Life->Horse Racing,Health & Medical->Hydrotherapy,,,,,,,Home Services->Masonry/Concrete,,,,,,
Local Services->Funeral Services & Cemeteries->Mortuary Services,Restaurants->Corsican,,Food->Nasi Lemak,Shopping->Home & Garden->Holiday Decorations,Professional Services->Translation Services,,Active Life->Hot Air Balloons,Health & Medical->Hypnosis/Hypnotherapy,,,,,,,Home Services->Mobile Home Repair,,,,,,
Local Services->Musical Instrument Services,Restaurants->Creperies,,Food->Specialty Food->Olive Oil,Shopping->Home & Garden,Professional Services->Video/Film Production,,Active Life->Indoor Playcentre,Health & Medical->Doctors->Immunodermatologists,,,,,,,Home Services->Real Estate->Mobile Home Dealers,,,,,,
Local Services->Nanny Services,Restaurants->Cuban,,Food->Organic Stores,Shopping->Home & Garden->Home Decor,Professional Services->Web Design,,Active Life->Fitness & Instruction->Gyms->Interval Training Gyms,Health & Medical->Doctors->Infectious Disease Specialists,,,,,,,Home Services->Real Estate->Mobile Home Parks,,,,,,
Local Services->Community Service/Non-Profit,Restaurants->Italian->Cucina campana,,Food->Panzerotti,Shopping->Horse Equipment Shops,Professional Services->Wholesalers,,Active Life->Jet Skis,Health & Medical->Doctors->Internal Medicine,,,,,,,Home Services->Real Estate->Mortgage Brokers,,,,,,
Local Services->Notaries,Restaurants->Curry Sausage,,Food->Specialty Food->Pasta Shops,Shopping->Home & Garden->Hot Tub & Pool,"Professional Services->Lawyers->Estate Planning Law->Wills, Trusts, & Probates",,Active Life->Fitness & Instruction->Martial Arts->Karate,Health & Medical->IV Hydration,,,,,,,Home Services->Movers,,,,,,
Local Services->Outdoor Power Equipment Services,Restaurants->Cypriot,,Food->Piadina,Shopping->Sporting Goods->Hunting & Fishing Supplies,Professional Services->Lawyers->Workers Compensation Law,,Active Life->Fitness & Instruction->Martial Arts->Kickboxing,Health & Medical->Diagnostic Services->Laboratory Testing,,,,,,,Home Services->Utilities->Natural Gas Suppliers,,,,,,
Local Services->Pest Control,Restaurants->Czech,,Food->Poke,Shopping->Home & Garden->Nurseries & Gardening->Hydroponics,,,Active Life->Kids Activities,Health & Medical->Lactation Services,,,,,,,Home Services->Packing Services,,,,,,
Local Services->Musical Instrument Services->Piano Services,Restaurants->Czech/Slovakian,,Food->Specialty Food->Popcorn Shops,Shopping->Jewelry,,,Active Life->Kiteboarding,Health & Medical->Laser Eye Surgery/Lasik,,,,,,,Home Services->Painters,,,,,,
Local Services->Musical Instrument Services->Piano Stores,Restaurants->Danish,,Food->Pretzels,Shopping->Fashion->Kimonos,,,Active Life->Lakes,Health & Medical->Lice Services,,,,,,,Home Services->Patio Coverings,,,,,,
Local Services->Portable Toilet Services,Restaurants->Delis,,Food->Salumerie,Shopping->Home & Garden->Kitchen & Bath,,,Active Life->Laser Tag,Health & Medical->Massage Therapy,,,,,,,Home Services->Plumbing,,,,,,
Local Services->Powder Coating,Restaurants->Chinese->Dim Sum,,Food->Specialty Food->Seafood Markets,Shopping->Home & Garden->Kitchen & Bath->Kitchen Supplies,,,Active Life->Lawn Bowling,Health & Medical->Medical Centers,,,,,,,Home Services->Pool Cleaners,,,,,,
Local Services->Propane,Restaurants->Diners,,Food->Shaved Ice,Shopping->Knitting Supplies,,,Active Life->Leisure Centers,Health & Medical->Medical Foot Care,,,,,,,Home Services->Pool & Hot Tub Service,,,,,,
Local Services->Record Labels,Restaurants->Dinner Theater,,Food->Shaved Snow,Shopping->Fashion->Leather Goods,,,Active Life->Fitness & Instruction->Martial Arts,Health & Medical->Medical Spas,,,,,,,Home Services->Pressure Washers,,,,,,
Local Services->Recording & Rehearsal Studios,Restaurants->Caribbean->Dominican,,Food->Smokehouse,Shopping->Home & Garden->Lighting Stores,,,Active Life->Fitness & Instruction->Meditation Centers,Health & Medical->Medical Transportation,,,,,,,Home Services->Real Estate->Property Management,,,,,,
Local Services->Recycling Center,Restaurants->Japanese->Donburi,,Food->Street Vendors,Shopping->Home & Garden->Linens,,,Active Life->Mini Golf,Health & Medical->Memory Care,,,,,,,Home Services->Real Estate,,,,,,
Local Services->Furniture Rental,Restaurants->Dumplings,,Food->Sugar Shacks,Shopping->Fashion->Lingerie,,,Active Life->Mountain Biking,Health & Medical->Midwives,,,,,,,Home Services->Real Estate->Real Estate Agents,,,,,,
Local Services->Furniture Reupholstery,Restaurants->Eastern European,,Food->Japanese Sweets->Taiyaki,Shopping->Livestock Feed & Supply,,,Active Life->Fitness & Instruction->Martial Arts->Muay Thai,Health & Medical->Doctors->Naturopathic/Holistic,,,,,,,Home Services->Real Estate->Real Estate Services,,,,,,
Local Services->Sandblasting,Restaurants->German->Eastern German,,Food->Tea Rooms,Shopping->Luggage,,,Active Life->Nudist,Health & Medical->Doctors->Nephrologists,,,,,,,Home Services->Refinishing Services,,,,,,
Local Services->Screen Printing/T-Shirt Printing,Restaurants->Mexican->Eastern Mexican,,Food->Specialty Food->Tofu Shops,"Shopping->Books, Mags, Music & Video->Newspapers & Magazines",,,Active Life->Paddleboarding,Health & Medical->Doctors->Neurologist,,,,,,,Home Services->Roofing,,,,,,
Local Services->Screen Printing,Restaurants->Middle Eastern->Egyptian,,Food->Torshi,Shopping->Market Stalls,,,Active Life->Paintball,Health & Medical->Doctors->Neuropathologists,,,,,,,Home Services->Roof Inspectors,,,,,,
Local Services->Self Storage,Restaurants->Italian->Emilian,,Food->Tortillas,Shopping->Home & Garden->Materiale elettrico,,,Active Life->Paragliding,Health & Medical->Doctors->Neurotologists,,,,,,,Home Services->Sauna Installation & Repair,,,,,,
Local Services->Septic Services,Restaurants->Eritrean,,Food->Water Stores,Shopping->Fashion->Maternity Wear,,,Active Life->Parasailing,Health & Medical->Nurse Practitioner,,,,,,,Home Services->Holiday Decorating Services,,,,,,
Local Services->Sewing & Alterations,Restaurants->Ethiopian,,Food->Zapiekanka,Shopping->Home & Garden->Mattresses,,,Active Life->Parks,Health & Medical->Nutritionists,,,,,,,Home Services->Security Systems,,,,,,
Local Services->Shipping Centers,Restaurants->Portuguese->Fado Houses,,,"Shopping->Books, Mags, Music & Video",,,Active Life->Zoos->Petting Zoos,Health & Medical->Doctors->Obstetricians & Gynecologists,,,,,,,Home Services->Real Estate->Shared Office Spaces,,,,,,
Local Services->Shoe Repair,Restaurants->Mediterranean->Falafel,,,Shopping->Medical Supplies,,,Active Life->Pickleball,Health & Medical->Occupational Therapy,,,,,,,Home Services->Shutters,,,,,,
Local Services->Shoe Shine,Restaurants->Filipino,,,Shopping->Fashion->Men's Clothing,,,Active Life->Fitness & Instruction->Pilates,Health & Medical->Doctors->Oncologist,,,,,,,Home Services->Solar Installation,,,,,,
Local Services->Smoking Areas,Restaurants->Fischbroetchen,,,Shopping->Military Surplus,,,Active Life->Playgrounds,Health & Medical->Doctors->Ophthalmologists,,,,,,,Home Services->Solar Panel Cleaning,,,,,,
Local Services->Snow Removal,Restaurants->Fish & Chips,,,Shopping->Mobile Phones,,,Active Life->Public Plazas,Health & Medical->Optometrists,,,,,,,Home Services->Structural Engineers,,,,,,
Local Services->Snuggle Services,Restaurants->Flatbread,,,Shopping->Motorcycle Gear,,,Active Life->Fitness & Instruction->Qi Gong,Health & Medical->Dentists->Oral Surgeons,,,,,,,Home Services->Stucco Services,,,,,,
Local Services->Stonemasons,Restaurants->Belgian->Flemish,,,Shopping->Musical Instruments & Teachers,,,Active Life->Races & Competitions,Health & Medical->Organ & Tissue Donor Services,,,,,,,Home Services->Television Service Providers,,,,,,
Local Services->IT Services & Computer Repair->Telecommunications,Restaurants->Fondue,,,"Shopping->Books, Mags, Music & Video->Music & DVDs",,,Active Life->Racing Experience,Health & Medical->Dentists->Orthodontists,,,,,,,Home Services->Tiling,,,,,,
Local Services->TV Mounting,Restaurants->Food Court,,,Shopping->Office Equipment,,,Active Life->Rafting/Kayaking,Health & Medical->Doctors->Orthopedists,,,,,,,Home Services->Tree Services,,,,,,
Local Services->Musical Instrument Services->Vocal Coach,Restaurants->Food Stands,,,Shopping->Eyewear & Opticians,,,Active Life->Recreation Centers,Health & Medical->Orthotics,,,,,,,Home Services->Real Estate->University Housing,,,,,,
Local Services->Watch Repair,Restaurants->German->Franconian,,,Shopping->Home & Garden->Outdoor Furniture Stores,,,Active Life->Rock Climbing,Health & Medical->Doctors->Osteopathic Physicians,,,,,,,Home Services->Utilities,,,,,,
Local Services->Water Delivery,Restaurants->Freiduria,,,Shopping->Sporting Goods->Outdoor Gear,,,Active Life->Sailing,Health & Medical->Medical Centers->Osteopaths,,,,,,,Home Services->Siding,,,,,,
Local Services->Well Drilling,Restaurants->French,,,Shopping->Outlet Stores,,,Active Life->Scavenger Hunts,Health & Medical->Doctors->Otologists,,,,,,,Home Services->Wallpapering,,,,,,
Local Services->Wildlife Control,Restaurants->Italian->Friulan,,,Shopping->Packing Supplies,,,Active Life->Scooter Rentals,Health & Medical->Oxygen Bars,,,,,,,Home Services->Water Heater Installation/Repair,,,,,,
Local Services->Youth Club,Restaurants->Chinese->Fuzhou,,,Shopping->Home & Garden->Paint Stores,,,Active Life->Diving->Scuba Diving,Health & Medical->Doctors->Pain Management,,,,,,,Home Services->Waterproofing,,,,,,
,Restaurants->Galician,,,Shopping->Arts & Crafts->Paint-Your-Own Pottery,,,Active Life->Fitness & Instruction->Self-defense Classes,Health & Medical->Doctors->Pathologists,,,,,,,Home Services->Water Purification Services,,,,,,
,Restaurants->Game Meat,,,Shopping->Pawn Shops,,,Active Life->Senior Centers,Health & Medical->Dentists->Pediatric Dentists,,,,,,,Home Services->Utilities->Water Suppliers,,,,,,
,Restaurants->Gastropubs,,,Shopping->Perfume,,,Active Life->Parks->Skate Parks,Health & Medical->Doctors->Pediatricians,,,,,,,Home Services->Windows Installation,,,,,,
,Restaurants->Georgian,,,Shopping->Personal Shopping,,,Active Life->Skating Rinks,Health & Medical->Dentists->Periodontists,,,,,,,Home Services->Window Washing,,,,,,
,Restaurants->German,,,Shopping->Photography Stores & Services,,,Active Life->Skiing,Health & Medical->Personal Care Services,,,,,,,,,,,,,
,Restaurants->Giblets,,,Shopping->Home & Garden->Playsets,,,Active Life->Skydiving,Health & Medical->Pharmacy,,,,,,,,,,,,,
,Restaurants->Gluten-Free,,,Shopping->Fashion->Plus Size Fashion,,,Active Life->Sledding,Health & Medical->Doctors->Phlebologists,,,,,,,,,,,,,
,Restaurants->Turkish->Gozleme,,,Shopping->Pool & Billiards,,,Active Life->Snorkeling,Health & Medical->Physical Therapy,,,,,,,,,,,,,
,Restaurants->Greek,,,Shopping->Pop-up Shops,,,Active Life->Spin Classes,Health & Medical->Doctors,,,,,,,,,,,,,
,Restaurants->Guamanian,,,Shopping->Props,,,Active Life->Sport Equipment Hire,Health & Medical->Placenta Encapsulations,,,,,,,,,,,,,
,Restaurants->Japanese->Donburi->Gyudon,,,Shopping->Public Markets,,,Active Life->Sports Clubs,Health & Medical->Doctors->Plastic Surgeons,,,,,,,,,,,,,
,Restaurants->Chinese->Hainan,,,Shopping->Home & Garden->Pumpkin Patches,,,Active Life->Squash,Health & Medical->Doctors->Podiatrists,,,,,,,,,,,,,
,Restaurants->Caribbean->Haitian,,,Shopping->Religious Items,,,Active Life->Summer Camps,Health & Medical->Postpartum Care,,,,,,,,,,,,,
,Restaurants->Chinese->Hakka,,,Shopping->Home & Garden->Rugs,,,Active Life->Surfing,Health & Medical->Prenatal/Perinatal Care,,,,,,,,,,,,,
,Restaurants->Halal,,,Shopping->Safe Stores,,,Active Life->Surf Lifesaving,Health & Medical->Doctors->Preventive Medicine,,,,,,,,,,,,,
,Restaurants->Japanese->Hand Rolls,,,Shopping->Safety Equipment,,,Active Life->Fitness & Instruction->Swimming Lessons/Schools,Health & Medical->Doctors->Proctologists,,,,,,,,,,,,,
,Restaurants->Hawaiian,,,Shopping->Scandinavian Design,,,Active Life->Swimming Pools,Health & Medical->Prosthetics,,,,,,,,,,,,,
,Restaurants->Chinese->Henghwa,,,Shopping->Home & Garden->Sheds & Outdoor Storage,,,Active Life->Fitness & Instruction->Martial Arts->Taekwondo,Health & Medical->Prosthodontists,,,,,,,,,,,,,
,Restaurants->German->Hessian,,,Shopping->Fashion->Shoe Stores,,,Active Life->Fitness & Instruction->Tai Chi,Health & Medical->Doctors->Psychiatrists,,,,,,,,,,,,,
,Restaurants->Heuriger,,,Shopping,,,Active Life->Tennis,Health & Medical->Counseling & Mental Health->Psychoanalysts,,,,,,,,,,,,,
,Restaurants->Himalayan/Nepalese,,,Shopping->Shopping Centers,,,Active Life->Trampoline Parks,Health & Medical->Counseling & Mental Health->Psychologists,,,,,,,,,,,,,
,Restaurants->Hong Kong Style Cafe,,,Shopping->Shopping Passages,,,Active Life->Tubing,Health & Medical->Psychotechnical Tests,,,,,,,,,,,,,
,Restaurants->Chinese->Hokkien,,,Shopping->Sporting Goods->Skate Shops,,,Active Life->Volleyball,Health & Medical->Counseling & Mental Health->Psychotherapists,,,,,,,,,,,,,
,Restaurants->Turkish->Homemade Food,,,Shopping->Sporting Goods->Ski & Snowboard Shops,,,Active Life->Water Parks,Health & Medical->Doctors->Pulmonologist,,,,,,,,,,,,,
,Restaurants->Honduran,,,Shopping->Fashion->Sleepwear,,,Active Life->Wildlife Hunting Ranges,Health & Medical->Doctors->Radiologists,,,,,,,,,,,,,
,Restaurants->Japanese->Horumon,,,Shopping->Souvenir Shops,,,Active Life->Fitness & Instruction->Yoga,Health & Medical->Reflexology,,,,,,,,,,,,,
,Restaurants->Hot Dogs,,,Shopping->Spiritual Shop,,,Active Life->Ziplining,Health & Medical->Rehabilitation Center,,,,,,,,,,,,,
,Restaurants->Fast Food,,,Shopping->Sporting Goods,,,Active Life->Zoos,Health & Medical->Reiki,,,,,,,,,,,,,
,Restaurants->Hot Pot,,,Shopping->Fashion->Sports Wear,,,Active Life->Zorbing,Health & Medical->Reproductive Health Services,,,,,,,,,,,,,
,Restaurants->Chinese->Hunan,,,Shopping->Fashion->Stockings,,,,Health & Medical->Doctors->Ophthalmologists->Retina Specialists,,,,,,,,,,,,,
,Restaurants->Hungarian,,,Shopping->Eyewear & Opticians->Sunglasses,,,,Health & Medical->Retirement Homes,,,,,,,,,,,,,
,Restaurants->Iberian,,,Shopping->Fashion->Surf Shop,,,,Health & Medical->Doctors->Rheumatologists,,,,,,,,,,,,,
,Restaurants->Indonesian,,,Shopping->Fashion->Swimwear,,,,Health & Medical->Saunas,,,,,,,,,,,,,
,Restaurants->Indian,,,Shopping->Tabletop Games,,,,Health & Medical->Counseling & Mental Health->Sex Therapists,,,,,,,,,,,,,
,Restaurants->International,,,Shopping->Home & Garden->Tableware,,,,Health & Medical->Skilled Nursing,,,,,,,,,,,,,
,Restaurants->Irish,,,Shopping->Teacher Supplies,,,,Health & Medical->Sleep Specialists,,,,,,,,,,,,,
,Restaurants->Island Pub,,,Shopping->Thrift Stores,,,,Health & Medical->Counseling & Mental Health->Sophrologists,,,,,,,,,,,,,
,Restaurants->Israeli,,,Shopping->Tickets,,,,Health & Medical->Speech Therapists,,,,,,,,,,,,,
,Restaurants->Italian,,,Shopping->Tobacco Shops,,,,Health & Medical->Sperm Clinic,,,,,,,,,,,,,
,Restaurants->Japanese->Izakaya,,,Shopping->Toy Stores,,,,Health & Medical->Doctors->Spine Surgeons,,,,,,,,,,,,,
,Restaurants->Mexican->Jaliscan,,,Shopping->Fashion->Traditional Clothing,,,,Health & Medical->Doctors->Sports Medicine,,,,,,,,,,,,,
,Restaurants->Japanese->Japanese Curry,,,Shopping->Trophy Shops,,,,Health & Medical->Counseling & Mental Health->Sports Psychologists,,,,,,,,,,,,,
,Restaurants->Japanese,,,Shopping->Uniforms,,,,Health & Medical->Doctors->Surgeons,,,,,,,,,,,,,
,Restaurants->Jewish,,,Shopping->Used Bookstore,,,,Health & Medical->Doctors->Tattoo Removal,,,,,,,,,,,,,
,Restaurants->Japanese->Kaiseki,,,Shopping->Vape Shops,,,,Health & Medical->Traditional Chinese Medicine,,,,,,,,,,,,,
,Restaurants->Kebab,,,"Shopping->Books, Mags, Music & Video->Videos & Video Game Rental",,,,Health & Medical->Doctors->Toxicologists,,,,,,,,,,,,,
,Restaurants->Kopitiam,,,"Shopping->Books, Mags, Music & Video->Video Game Stores",,,,Health & Medical->Doctors->Tropical Medicine,,,,,,,,,,,,,
,Restaurants->Korean,,,"Shopping->Fashion->Used, Vintage & Consignment",,,,Health & Medical->Traditional Chinese Medicine->Tui Na,,,,,,,,,,,,,
,Restaurants->Kosher,,,"Shopping->Books, Mags, Music & Video->Vinyl Records",,,,Health & Medical->Ultrasound Imaging Centers,,,,,,,,,,,,,
,Restaurants->Kurdish,,,Shopping->Vitamins & Supplements,,,,Health & Medical->Doctors->Undersea/Hyperbaric Medicine,,,,,,,,,,,,,
,Restaurants->Japanese->Kushikatsu,,,Shopping->Watches,,,,Health & Medical->Urgent Care,,,,,,,,,,,,,
,Restaurants->Turkish->Lahmacun,,,Shopping->Wholesale Stores,,,,Health & Medical->Doctors->Urologists,,,,,,,,,,,,,
,Restaurants->Laos,,,Shopping->Wigs,,,,Health & Medical->Doctors->Vascular Medicine,,,,,,,,,,,,,
,Restaurants->Laotian,,,Shopping->Fashion->Women's Clothing,,,,Health & Medical->Medical Centers->Walk-in Clinics,,,,,,,,,,,,,
,Restaurants->Latin American,,,,,,,Health & Medical->Weight Loss Centers,,,,,,,,,,,,,
,Restaurants->Middle Eastern->Lebanese,,,,,,,,,,,,,,,,,,,,
,Restaurants->Italian->Ligurian,,,,,,,,,,,,,,,,,,,,
,Restaurants->Italian->Lumbard,,,,,,,,,,,,,,,,,,,,
,Restaurants->Lyonnais,,,,,,,,,,,,,,,,,,,,
,Restaurants->Portuguese->Madeira,,,,,,,,,,,,,,,,,,,,
,Restaurants->Malaysian,,,,,,,,,,,,,,,,,,,,
,Restaurants->Malaysian->Mamak,,,,,,,,,,,,,,,,,,,,
,Restaurants->French->Mauritius,,,,,,,,,,,,,,,,,,,,
,Restaurants->Meatballs,,,,,,,,,,,,,,,,,,,,
,Restaurants->Mediterranean,,,,,,,,,,,,,,,,,,,,
,Restaurants->Mexican,,,,,,,,,,,,,,,,,,,,
,Restaurants->Middle Eastern,,,,,,,,,,,,,,,,,,,,
,Restaurants->Milk Bars,,,,,,,,,,,,,,,,,,,,
,Restaurants->Portuguese->Minho,,,,,,,,,,,,,,,,,,,,
,Restaurants->Modern Australian,,,,,,,,,,,,,,,,,,,,
,Restaurants->Modern European,,,,,,,,,,,,,,,,,,,,
,Restaurants->Mongolian,,,,,,,,,,,,,,,,,,,,
,Restaurants->Moroccan,,,,,,,,,,,,,,,,,,,,
,Restaurants->Italian->Napoletana,,,,,,,,,,,,,,,,,,,,
,Restaurants->New American,,,,,,,,,,,,,,,,,,,,
,Restaurants->Canadian (New),,,,,,,,,,,,,,,,,,,,
,Restaurants->New Mexican Cuisine,,,,,,,,,,,,,,,,,,,,
,Restaurants->New Zealand,,,,,,,,,,,,,,,,,,,,
,Restaurants->Nicaraguan,,,,,,,,,,,,,,,,,,,,
,Restaurants->French->Nicoise,,,,,,,,,,,,,,,,,,,,
,Restaurants->Night Food,,,,,,,,,,,,,,,,,,,,
,Restaurants->Nikkei,,,,,,,,,,,,,,,,,,,,
,Restaurants->Noodles,,,,,,,,,,,,,,,,,,,,
,Restaurants->Norcinerie,,,,,,,,,,,,,,,,,,,,
,Restaurants->Brazilian->Northeastern Brazilian,,,,,,,,,,,,,,,,,,,,
,Restaurants->Brazilian->Northern Brazilian,,,,,,,,,,,,,,,,,,,,
,Restaurants->German->Northern German,,,,,,,,,,,,,,,,,,,,
,Restaurants->Mexican->Northern Mexican,,,,,,,,,,,,,,,,,,,,
,Restaurants->Traditional Norwegian,,,,,,,,,,,,,,,,,,,,
,Restaurants->Malaysian->Nyonya,,,,,,,,,,,,,,,,,,,,
,Restaurants->Mexican->Oaxacan,,,,,,,,,,,,,,,,,,,,
,Restaurants->Japanese->Oden,,,,,,,,,,,,,,,,,,,,
,Restaurants->Japanese->Okinawan,,,,,,,,,,,,,,,,,,,,
,Restaurants->Japanese->Okonomiyaki,,,,,,,,,,,,,,,,,,,,
,Restaurants->Japanese->Onigiri,,,,,,,,,,,,,,,,,,,,
,Restaurants->Open Sandwiches,,,,,,,,,,,,,,,,,,,,
,Restaurants->Oriental,,,,,,,,,,,,,,,,,,,,
,Restaurants->Turkish->Ottoman Cuisine,,,,,,,,,,,,,,,,,,,,
,Restaurants->Japanese->Donburi->Oyakodon,,,,,,,,,,,,,,,,,,,,
,Restaurants->Pakistani,,,,,,,,,,,,,,,,,,,,
,Restaurants->German->Palatine,,,,,,,,,,,,,,,,,,,,
,Restaurants->Pan Asian,,,,,,,,,,,,,,,,,,,,
,Restaurants->Breakfast & Brunch->Pancakes,,,,,,,,,,,,,,,,,,,,
,Restaurants->Parma,,,,,,,,,,,,,,,,,,,,
,Restaurants->Chinese->Pekinese,,,,,,,,,,,,,,,,,,,,
,Restaurants->Persian/Iranian,,,,,,,,,,,,,,,,,,,,
,Restaurants->Peruvian,,,,,,,,,,,,,,,,,,,,
,Restaurants->PF/Comercial,,,,,,,,,,,,,,,,,,,,
,Restaurants->Italian->Piemonte,,,,,,,,,,,,,,,,,,,,
,Restaurants->Polish->Pierogis,,,,,,,,,,,,,,,,,,,,
,Restaurants->Pita,,,,,,,,,,,,,,,,,,,,
,Restaurants->Pizza,,,,,,,,,,,,,,,,,,,,
,Restaurants->Polish,,,,,,,,,,,,,,,,,,,,
,Restaurants->Polynesian,,,,,,,,,,,,,,,,,,,,
,Restaurants->Pop-Up Restaurants,,,,,,,,,,,,,,,,,,,,
,Restaurants->Portuguese,,,,,,,,,,,,,,,,,,,,
,Restaurants->Potatoes,,,,,,,,,,,,,,,,,,,,
,Restaurants->Poutineries,,,,,,,,,,,,,,,,,,,,
,Restaurants->French->Provencal,,,,,,,,,,,,,,,,,,,,
,Restaurants->Pub Food,,,,,,,,,,,,,,,,,,,,
,Restaurants->Mexican->Pueblan,,,,,,,,,,,,,,,,,,,,
,Restaurants->Caribbean->Puerto Rican,,,,,,,,,,,,,,,,,,,,
,Restaurants->Japanese->Ramen,,,,,,,,,,,,,,,,,,,,
,Restaurants->Live/Raw Food,,,,,,,,,,,,,,,,,,,,
,Restaurants,,,,,,,,,,,,,,,,,,,,
,Restaurants->French->Reunion,,,,,,,,,,,,,,,,,,,,
,Restaurants->German->Rhinelandian,,,,,,,,,,,,,,,,,,,,
,Restaurants->Portuguese->Ribatejo,,,,,,,,,,,,,,,,,,,,
,Restaurants->Rice,,,,,,,,,,,,,,,,,,,,
,Restaurants->Japanese->Robatayaki,,,,,,,,,,,,,,,,,,,,
,Restaurants->Brazilian->Rodizios,,,,,,,,,,,,,,,,,,,,
,Restaurants->Italian->Roman,,,,,,,,,,,,,,,,,,,,
,Restaurants->Romanian,,,,,,,,,,,,,,,,,,,,
,Restaurants->Rotisserie Chicken,,,,,,,,,,,,,,,,,,,,
,Restaurants->Rumanian,,,,,,,,,,,,,,,,,,,,
,Restaurants->Russian,,,,,,,,,,,,,,,,,,,,
,Restaurants->Salad,,,,,,,,,,,,,,,,,,,,
,Restaurants->Latin American->Salvadoran,,,,,,,,,,,,,,,,,,,,
,Restaurants->Sandwiches,,,,,,,,,,,,,,,,,,,,
,Restaurants->Italian->Sardinian,,,,,,,,,,,,,,,,,,,,
,Restaurants->Scandinavian,,,,,,,,,,,,,,,,,,,,
,Restaurants->Schnitzel,,,,,,,,,,,,,,,,,,,,
,Restaurants->Scottish,,,,,,,,,,,,,,,,,,,,
,Restaurants->Seafood,,,,,,,,,,,,,,,,,,,,
,Restaurants->African->Senegalese,,,,,,,,,,,,,,,,,,,,
,Restaurants->Serbo Croatian,,,,,,,,,,,,,,,,,,,,
,Restaurants->Chinese->Shanghainese,,,,,,,,,,,,,,,,,,,,
,Restaurants->Italian->Sicilian,,,,,,,,,,,,,,,,,,,,
,Restaurants->Signature Cuisine,,,,,,,,,,,,,,,,,,,,
,Restaurants->Singaporean,,,,,,,,,,,,,,,,,,,,
,Restaurants->Slovakian,,,,,,,,,,,,,,,,,,,,
,Restaurants->Japanese->Soba,,,,,,,,,,,,,,,,,,,,
,Restaurants->Somali,,,,,,,,,,,,,,,,,,,,
,Restaurants->Soul Food,,,,,,,,,,,,,,,,,,,,
,Restaurants->Soup,,,,,,,,,,,,,,,,,,,,
,Restaurants->African->South African,,,,,,,,,,,,,,,,,,,,
,Restaurants->Southern,,,,,,,,,,,,,,,,,,,,
,Restaurants->Spanish,,,,,,,,,,,,,,,,,,,,
,Restaurants->Sri Lankan,,,,,,,,,,,,,,,,,,,,
,Restaurants->Steakhouses,,,,,,,,,,,,,,,,,,,,
,Restaurants->French Southwest,,,,,,,,,,,,,,,,,,,,
,Restaurants->Japanese->Sukiyaki,,,,,,,,,,,,,,,,,,,,
,Restaurants->Supper Clubs,,,,,,,,,,,,,,,,,,,,
,Restaurants->Sushi Bars,,,,,,,,,,,,,,,,,,,,
,Restaurants->Swabian,,,,,,,,,,,,,,,,,,,,
,Restaurants->Swedish,,,,,,,,,,,,,,,,,,,,
,Restaurants->Swiss Food,,,,,,,,,,,,,,,,,,,,
,Restaurants->Syrian,,,,,,,,,,,,,,,,,,,,
,Restaurants->Chinese->Szechuan,,,,,,,,,,,,,,,,,,,,
,Restaurants->Tabernas,,,,,,,,,,,,,,,,,,,,
,Restaurants->Mexican->Tacos,,,,,,,,,,,,,,,,,,,,
,Restaurants->Taiwanese,,,,,,,,,,,,,,,,,,,,
,Restaurants->Japanese->Takoyaki,,,,,,,,,,,,,,,,,,,,
,Restaurants->Mexican->Tamales,,,,,,,,,,,,,,,,,,,,
,Restaurants->Tapas Bars,,,,,,,,,,,,,,,,,,,,
,Restaurants->Tapas/Small Plates,,,,,,,,,,,,,,,,,,,,
,Restaurants->Tavola Calda,,,,,,,,,,,,,,,,,,,,
,Restaurants->Japanese->Tempura,,,,,,,,,,,,,,,,,,,,
,Restaurants->Chinese->Teochew,,,,,,,,,,,,,,,,,,,,
,Restaurants->Japanese->Teppanyaki,,,,,,,,,,,,,,,,,,,,
,Restaurants->Tex-Mex,,,,,,,,,,,,,,,,,,,,
,Restaurants->Thai,,,,,,,,,,,,,,,,,,,,
,Restaurants->Cafes->Themed Cafes,,,,,,,,,,,,,,,,,,,,
,Restaurants->Japanese->Tonkatsu,,,,,,,,,,,,,,,,,,,,
,Restaurants->American,,,,,,,,,,,,,,,,,,,,
,Restaurants->Traditional Swedish,,,,,,,,,,,,,,,,,,,,
,Restaurants->Portuguese->Tras-os-Montes,,,,,,,,,,,,,,,,,,,,
,Restaurants->Trattorie,,,,,,,,,,,,,,,,,,,,
,Restaurants->Caribbean->Trinidadian,,,,,,,,,,,,,,,,,,,,
,Restaurants->Turkish,,,,,,,,,,,,,,,,,,,,
,Restaurants->Turkish->Turkish Ravioli,,,,,,,,,,,,,,,,,,,,
,Restaurants->Italian->Tuscan,,,,,,,,,,,,,,,,,,,,
,Restaurants->Japanese->Udon,,,,,,,,,,,,,,,,,,,,
,Restaurants->Ukrainian,,,,,,,,,,,,,,,,,,,,
,Restaurants->Japanese->Unagi,,,,,,,,,,,,,,,,,,,,
,Restaurants->Uzbek,,,,,,,,,,,,,,,,,,,,
,Restaurants->Vegan,,,,,,,,,,,,,,,,,,,,
,Restaurants->Vegetarian,,,,,,,,,,,,,,,,,,,,
,Restaurants->Italian->Venetian,,,,,,,,,,,,,,,,,,,,
,Restaurants->Latin American->Venezuelan,,,,,,,,,,,,,,,,,,,,
,Restaurants->Venison,,,,,,,,,,,,,,,,,,,,
,Restaurants->Vietnamese,,,,,,,,,,,,,,,,,,,,
,Restaurants->Waffles,,,,,,,,,,,,,,,,,,,,
,Restaurants->Japanese->Western Style Japanese Food,,,,,,,,,,,,,,,,,,,,
,Restaurants->Wok,,,,,,,,,,,,,,,,,,,,
,Restaurants->Wraps,,,,,,,,,,,,,,,,,,,,
,Restaurants->Japanese->Yakiniku,,,,,,,,,,,,,,,,,,,,
,Restaurants->Japanese->Yakitori,,,,,,,,,,,,,,,,,,,,
,Restaurants->Mexican->Yucatan,,,,,,,,,,,,,,,,,,,,
,Restaurants->Yugoslav,,,,,,,,,,,,,,,,,,,,